﻿<?xml version="1.0" encoding="utf-8"?>
<Document xmlns:xsi="http://www.w3.org/2001/XMLSchema-instance" xsi:schemaLocation="urn:iso:std:iso:20022:tech:xsd:camt.053.001.04 camt.053.001.04.xsd" xmlns="urn:iso:std:iso:20022:tech:xsd:camt.053.001.04">
  <BkToCstmrStmt>
    <GrpHdr>
      <MsgId>2146c20690924679986242d47ba2fd8d</MsgId>
      <CreDtTm>2019-03-18T19:00:29.3341026+01:00</CreDtTm>
      <MsgPgntn>
        <PgNb>1</PgNb>
        <LastPgInd>true</LastPgInd>
      </MsgPgntn>
    </GrpHdr>
    <Stmt>
      <Id>ec615291510c4ec890e0e842252538e0</Id>
      <ElctrncSeqNb>8</ElctrncSeqNb>
      <CreDtTm>2019-03-18T19:00:28.757</CreDtTm>
      <FrToDt>
        <FrDtTm>2019-03-18T00:00:00</FrDtTm>
        <ToDtTm>2019-03-18T00:00:00</ToDtTm>
      </FrToDt>
      <Acct>
        <Id>
          <IBAN>CH4308307000289537312</IBAN>
        </Id>
      </Acct>
      <Bal>
        <Tp>
          <CdOrPrtry>
            <Cd>OPBD</Cd>
          </CdOrPrtry>
        </Tp>
        <Amt Ccy="CHF">84648.75</Amt>
        <CdtDbtInd>CRDT</CdtDbtInd>
        <Dt>
          <Dt>2019-03-18</Dt>
        </Dt>
      </Bal>
      <Bal>
        <Tp>
          <CdOrPrtry>
            <Cd>CLBD</Cd>
          </CdOrPrtry>
        </Tp>
        <Amt Ccy="CHF">76528.35</Amt>
        <CdtDbtInd>CRDT</CdtDbtInd>
        <Dt>
          <Dt>2019-03-18</Dt>
        </Dt>
      </Bal>
      <Ntry>
        <Amt Ccy="CHF">4321.9</Amt>
        <CdtDbtInd>DBIT</CdtDbtInd>
        <Sts>BOOK</Sts>
        <BookgDt>
          <Dt>2019-03-18</Dt>
        </BookgDt>
        <ValDt>
          <Dt>2019-03-18</Dt>
        </ValDt>
        <BkTxCd>
          <Domn>
            <Cd>PMNT</Cd>
            <Fmly>
              <Cd>ICDT</Cd>
              <SubFmlyCd>AUTT</SubFmlyCd>
            </Fmly>
          </Domn>
        </BkTxCd>
        <NtryDtls>
          <TxDtls>
            <Amt Ccy="CHF">4321.9</Amt>
            <CdtDbtInd>DBIT</CdtDbtInd>
            <RltdPties>
              <Dbtr>
                <PstlAdr>
                  <AdrLine>element36 AG 
Bahnmatt 25 
6340 Baar</AdrLine>
                </PstlAdr>
              </Dbtr>
              <DbtrAcct>
                <Id>
                  <IBAN>CH4308307000289537312</IBAN>
                </Id>
              </DbtrAcct>
              <Cdtr>
                <Nm>Ausgleichskasse Zug</Nm>
                <PstlAdr>
                  <PstCd>6300</PstCd>
                  <TwnNm>Zug</TwnNm>
                </PstlAdr>
              </Cdtr>
            </RltdPties>
            <AddtlTxInf>Ausgleichskasse Zug 
6300 Zug</AddtlTxInf>
          </TxDtls>
        </NtryDtls>
      </Ntry>
      <Ntry>
        <Amt Ccy="CHF">3798.5</Amt>
        <CdtDbtInd>DBIT</CdtDbtInd>
        <Sts>BOOK</Sts>
        <BookgDt>
          <Dt>2019-03-18</Dt>
        </BookgDt>
        <ValDt>
          <Dt>2019-03-18</Dt>
        </ValDt>
        <BkTxCd>
          <Domn>
            <Cd>PMNT</Cd>
            <Fmly>
              <Cd>ICDT</Cd>
              <SubFmlyCd>AUTT</SubFmlyCd>
            </Fmly>
          </Domn>
        </BkTxCd>
        <NtryDtls>
          <TxDtls>
            <Amt Ccy="CHF">3798.5</Amt>
            <CdtDbtInd>DBIT</CdtDbtInd>
            <RltdPties>
              <Dbtr>
                <PstlAdr>
                  <AdrLine>element36 AG 
Bahnmatt 25 
6340 Baar</AdrLine>
                </PstlAdr>
              </Dbtr>
              <DbtrAcct>
                <Id>
                  <IBAN>CH4308307000289537312</IBAN>
                </Id>
              </DbtrAcct>
              <Cdtr>
                <PstlAdr>
                  <AdrLine>Consulteer DOO 
Vojvode Petra Bojovica 5 
Zrenjanin Republic of Serbia</AdrLine>
                </PstlAdr>
              </Cdtr>
              <CdtrAcct>
                <Id>
                  <IBAN>RS35160005380003672712</IBAN>
                </Id>
              </CdtrAcct>
            </RltdPties>
            <RmtInf>
              <Ustrd>Invoice E36-03/19</Ustrd>
            </RmtInf>
            <AddtlTxInf>Consulteer DOO 
Vojvode Petra Bojovica 5 
Zrenjanin Republic of Serbia 
</AddtlTxInf>
          </TxDtls>
        </NtryDtls>
      </Ntry>
    </Stmt>
  </BkToCstmrStmt>
</Document>