﻿<?xml version="1.0" encoding="utf-8"?>
<Document xmlns:xsi="http://www.w3.org/2001/XMLSchema-instance" xsi:schemaLocation="urn:iso:std:iso:20022:tech:xsd:camt.053.001.04 camt.053.001.04.xsd" xmlns="urn:iso:std:iso:20022:tech:xsd:camt.053.001.04">
  <BkToCstmrStmt>
    <GrpHdr>
      <MsgId>447b238b77654b87955c72e0e0f70a05</MsgId>
      <CreDtTm>2019-03-08T19:00:51.8168855+01:00</CreDtTm>
      <MsgPgntn>
        <PgNb>1</PgNb>
        <LastPgInd>true</LastPgInd>
      </MsgPgntn>
    </GrpHdr>
    <Stmt>
      <Id>de753f55a2f141b8a3177414c16bde7a</Id>
      <ElctrncSeqNb>3</ElctrncSeqNb>
      <CreDtTm>2019-03-08T19:00:48.833</CreDtTm>
      <FrToDt>
        <FrDtTm>2019-03-08T00:00:00</FrDtTm>
        <ToDtTm>2019-03-08T00:00:00</ToDtTm>
      </FrToDt>
      <Acct>
        <Id>
          <IBAN>CH4308307000289537312</IBAN>
        </Id>
      </Acct>
      <Bal>
        <Tp>
          <CdOrPrtry>
            <Cd>OPBD</Cd>
          </CdOrPrtry>
        </Tp>
        <Amt Ccy="CHF">76156.7</Amt>
        <CdtDbtInd>CRDT</CdtDbtInd>
        <Dt>
          <Dt>2019-03-08</Dt>
        </Dt>
      </Bal>
      <Bal>
        <Tp>
          <CdOrPrtry>
            <Cd>CLBD</Cd>
          </CdOrPrtry>
        </Tp>
        <Amt Ccy="CHF">67247.6</Amt>
        <CdtDbtInd>CRDT</CdtDbtInd>
        <Dt>
          <Dt>2019-03-08</Dt>
        </Dt>
      </Bal>
      <Ntry>
        <Amt Ccy="CHF">8909.1</Amt>
        <CdtDbtInd>DBIT</CdtDbtInd>
        <Sts>BOOK</Sts>
        <BookgDt>
          <Dt>2019-03-08</Dt>
        </BookgDt>
        <ValDt>
          <Dt>2019-03-08</Dt>
        </ValDt>
        <BkTxCd>
          <Domn>
            <Cd>PMNT</Cd>
            <Fmly>
              <Cd>ICDT</Cd>
              <SubFmlyCd>AUTT</SubFmlyCd>
            </Fmly>
          </Domn>
        </BkTxCd>
        <NtryDtls>
          <TxDtls>
            <Amt Ccy="CHF">8909.1</Amt>
            <CdtDbtInd>DBIT</CdtDbtInd>
            <RltdPties>
              <Dbtr>
                <PstlAdr>
                  <AdrLine>element36 AG 
Bahnmatt 25 
6340 Baar</AdrLine>
                </PstlAdr>
              </Dbtr>
              <DbtrAcct>
                <Id>
                  <IBAN>CH4308307000289537312</IBAN>
                </Id>
              </DbtrAcct>
              <Cdtr>
                <Nm>Maik Blumenthal</Nm>
                <PstlAdr>
                  <StrtNm>Aescherstrasse</StrtNm>
                  <BldgNb>1</BldgNb>
                  <PstCd>8903</PstCd>
                  <TwnNm>Birmensdorf</TwnNm>
                </PstlAdr>
              </Cdtr>
              <CdtrAcct>
                <Id>
                  <IBAN>CH7108440622011300012</IBAN>
                </Id>
              </CdtrAcct>
            </RltdPties>
            <RmtInf>
              <Ustrd>Lohn Februar</Ustrd>
            </RmtInf>
          </TxDtls>
        </NtryDtls>
      </Ntry>
    </Stmt>
  </BkToCstmrStmt>
</Document>