﻿<?xml version="1.0" encoding="utf-8"?>
<Document xmlns:xsi="http://www.w3.org/2001/XMLSchema-instance" xsi:schemaLocation="urn:iso:std:iso:20022:tech:xsd:camt.053.001.04 camt.053.001.04.xsd" xmlns="urn:iso:std:iso:20022:tech:xsd:camt.053.001.04">
  <BkToCstmrStmt>
    <GrpHdr>
      <MsgId>597dc153c49f4ca0af7ed033ca7f57b4</MsgId>
      <CreDtTm>2019-03-15T19:00:52.7436088+01:00</CreDtTm>
      <MsgPgntn>
        <PgNb>1</PgNb>
        <LastPgInd>true</LastPgInd>
      </MsgPgntn>
    </GrpHdr>
    <Stmt>
      <Id>a5cae028b2a341abb80fbd6246425154</Id>
      <ElctrncSeqNb>7</ElctrncSeqNb>
      <CreDtTm>2019-03-15T19:00:52.103</CreDtTm>
      <FrToDt>
        <FrDtTm>2019-03-15T00:00:00</FrDtTm>
        <ToDtTm>2019-03-15T00:00:00</ToDtTm>
      </FrToDt>
      <Acct>
        <Id>
          <IBAN>CH4308307000289537312</IBAN>
        </Id>
      </Acct>
      <Bal>
        <Tp>
          <CdOrPrtry>
            <Cd>OPBD</Cd>
          </CdOrPrtry>
        </Tp>
        <Amt Ccy="CHF">84537</Amt>
        <CdtDbtInd>CRDT</CdtDbtInd>
        <Dt>
          <Dt>2019-03-15</Dt>
        </Dt>
      </Bal>
      <Bal>
        <Tp>
          <CdOrPrtry>
            <Cd>CLBD</Cd>
          </CdOrPrtry>
        </Tp>
        <Amt Ccy="CHF">84648.75</Amt>
        <CdtDbtInd>CRDT</CdtDbtInd>
        <Dt>
          <Dt>2019-03-15</Dt>
        </Dt>
      </Bal>
      <Ntry>
        <Amt Ccy="CHF">111.75</Amt>
        <CdtDbtInd>CRDT</CdtDbtInd>
        <Sts>BOOK</Sts>
        <BookgDt>
          <Dt>2019-03-15</Dt>
        </BookgDt>
        <ValDt>
          <Dt>2019-03-15</Dt>
        </ValDt>
        <BkTxCd>
          <Domn>
            <Cd>PMNT</Cd>
            <Fmly>
              <Cd>RCDT</Cd>
              <SubFmlyCd>AUTT</SubFmlyCd>
            </Fmly>
          </Domn>
        </BkTxCd>
        <NtryDtls>
          <TxDtls>
            <Refs>
              <EndToEndId>test-auftragsreferenz</EndToEndId>
            </Refs>
            <Amt Ccy="CHF">111.75</Amt>
            <CdtDbtInd>CRDT</CdtDbtInd>
            <RltdPties>
              <Dbtr>
                <PstlAdr>
                  <AdrLine>Di Walter Strametz 
AT 
Bahnmatt 25 
CH 6340 Baar</AdrLine>
                </PstlAdr>
              </Dbtr>
              <DbtrAcct>
                <Id>
                  <IBAN>AT734213000000038232</IBAN>
                </Id>
              </DbtrAcct>
              <Cdtr>
                <Nm>element36</Nm>
                <PstlAdr />
              </Cdtr>
              <CdtrAcct>
                <Id>
                  <IBAN>CH4308307000289537312</IBAN>
                </Id>
              </CdtrAcct>
            </RltdPties>
            <AddtlTxInf>Di Walter Strametz 
AT 
Bahnmatt 25 
CH 6340 Baar</AddtlTxInf>
          </TxDtls>
        </NtryDtls>
      </Ntry>
    </Stmt>
  </BkToCstmrStmt>
</Document>