﻿<?xml version="1.0" encoding="utf-8"?>
<Document xmlns:xsi="http://www.w3.org/2001/XMLSchema-instance" xsi:schemaLocation="urn:iso:std:iso:20022:tech:xsd:camt.053.001.04 camt.053.001.04.xsd" xmlns="urn:iso:std:iso:20022:tech:xsd:camt.053.001.04">
  <BkToCstmrStmt>
    <GrpHdr>
      <MsgId>7498f24ea0cb465d83a2fee1821889a0</MsgId>
      <CreDtTm>2019-03-20T19:00:47.5294666+01:00</CreDtTm>
      <MsgPgntn>
        <PgNb>1</PgNb>
        <LastPgInd>true</LastPgInd>
      </MsgPgntn>
    </GrpHdr>
    <Stmt>
      <Id>fa8ed43ed5d24857a638f9c6b4298dfa</Id>
      <ElctrncSeqNb>2</ElctrncSeqNb>
      <CreDtTm>2019-03-20T19:00:46.497</CreDtTm>
      <FrToDt>
        <FrDtTm>2019-03-20T00:00:00</FrDtTm>
        <ToDtTm>2019-03-20T00:00:00</ToDtTm>
      </FrToDt>
      <Acct>
        <Id>
          <IBAN>CH2108307000289537320</IBAN>
        </Id>
      </Acct>
      <Bal>
        <Tp>
          <CdOrPrtry>
            <Cd>OPBD</Cd>
          </CdOrPrtry>
        </Tp>
        <Amt Ccy="CHF">110</Amt>
        <CdtDbtInd>CRDT</CdtDbtInd>
        <Dt>
          <Dt>2019-03-20</Dt>
        </Dt>
      </Bal>
      <Bal>
        <Tp>
          <CdOrPrtry>
            <Cd>CLBD</Cd>
          </CdOrPrtry>
        </Tp>
        <Amt Ccy="CHF">113.6</Amt>
        <CdtDbtInd>CRDT</CdtDbtInd>
        <Dt>
          <Dt>2019-03-20</Dt>
        </Dt>
      </Bal>
      <Ntry>
        <Amt Ccy="CHF">3.6</Amt>
        <CdtDbtInd>CRDT</CdtDbtInd>
        <Sts>BOOK</Sts>
        <BookgDt>
          <Dt>2019-03-20</Dt>
        </BookgDt>
        <ValDt>
          <Dt>2019-03-20</Dt>
        </ValDt>
        <BkTxCd>
          <Domn>
            <Cd>PMNT</Cd>
            <Fmly>
              <Cd>RCDT</Cd>
              <SubFmlyCd>AUTT</SubFmlyCd>
            </Fmly>
          </Domn>
        </BkTxCd>
        <NtryDtls>
          <TxDtls>
            <Refs>
              <EndToEndId>ENDTOENDID-002</EndToEndId>
            </Refs>
            <Amt Ccy="CHF">3.6</Amt>
            <CdtDbtInd>CRDT</CdtDbtInd>
            <RltdPties>
              <Dbtr>
                <PstlAdr>
                  <AdrLine>element36 AG 
Bahnmatt 25 
6340 Baar</AdrLine>
                </PstlAdr>
              </Dbtr>
              <DbtrAcct>
                <Id>
                  <IBAN>CH4308307000289537312</IBAN>
                </Id>
              </DbtrAcct>
              <Cdtr>
                <Nm>element36 AG</Nm>
                <PstlAdr>
                  <StrtNm>Bahnmatt</StrtNm>
                  <BldgNb>25</BldgNb>
                  <PstCd>6340</PstCd>
                  <TwnNm>Baar</TwnNm>
                  <Ctry>CH</Ctry>
                </PstlAdr>
              </Cdtr>
              <CdtrAcct>
                <Id>
                  <IBAN>CH2108307000289537320</IBAN>
                </Id>
              </CdtrAcct>
            </RltdPties>
            <RmtInf>
              <Ustrd>Test Schnittstelle</Ustrd>
            </RmtInf>
            <AddtlTxInf>element36 AG 
Bahnmatt 25 
6340 Baar</AddtlTxInf>
          </TxDtls>
        </NtryDtls>
      </Ntry>
    </Stmt>
  </BkToCstmrStmt>
</Document>