﻿<?xml version="1.0" encoding="utf-8"?>
<Document xmlns:xsi="http://www.w3.org/2001/XMLSchema-instance" xsi:schemaLocation="urn:iso:std:iso:20022:tech:xsd:camt.053.001.04 camt.053.001.04.xsd" xmlns="urn:iso:std:iso:20022:tech:xsd:camt.053.001.04">
  <BkToCstmrStmt>
    <GrpHdr>
      <MsgId>787a8005fe044ba9ba0e65e02db44ad6</MsgId>
      <CreDtTm>2019-03-05T22:32:52.6300147+01:00</CreDtTm>
      <MsgPgntn>
        <PgNb>1</PgNb>
        <LastPgInd>true</LastPgInd>
      </MsgPgntn>
    </GrpHdr>
    <Stmt>
      <Id>d2928de495c04394b3d93686f72aec44</Id>
      <ElctrncSeqNb>2</ElctrncSeqNb>
      <CreDtTm>2019-03-05T22:32:50.52</CreDtTm>
      <FrToDt>
        <FrDtTm>2019-03-05T00:00:00</FrDtTm>
        <ToDtTm>2019-03-05T00:00:00</ToDtTm>
      </FrToDt>
      <Acct>
        <Id>
          <IBAN>CH4308307000289537312</IBAN>
        </Id>
      </Acct>
      <Bal>
        <Tp>
          <CdOrPrtry>
            <Cd>OPBD</Cd>
          </CdOrPrtry>
        </Tp>
        <Amt Ccy="CHF">80097.2</Amt>
        <CdtDbtInd>CRDT</CdtDbtInd>
        <Dt>
          <Dt>2019-03-05</Dt>
        </Dt>
      </Bal>
      <Bal>
        <Tp>
          <CdOrPrtry>
            <Cd>CLBD</Cd>
          </CdOrPrtry>
        </Tp>
        <Amt Ccy="CHF">76156.7</Amt>
        <CdtDbtInd>CRDT</CdtDbtInd>
        <Dt>
          <Dt>2019-03-05</Dt>
        </Dt>
      </Bal>
      <Ntry>
        <Amt Ccy="CHF">3940.5</Amt>
        <CdtDbtInd>DBIT</CdtDbtInd>
        <Sts>BOOK</Sts>
        <BookgDt>
          <Dt>2019-03-05</Dt>
        </BookgDt>
        <ValDt>
          <Dt>2019-03-05</Dt>
        </ValDt>
        <BkTxCd>
          <Domn>
            <Cd>PMNT</Cd>
            <Fmly>
              <Cd>ICDT</Cd>
              <SubFmlyCd>AUTT</SubFmlyCd>
            </Fmly>
          </Domn>
        </BkTxCd>
        <NtryDtls>
          <TxDtls>
            <Amt Ccy="CHF">3940.5</Amt>
            <CdtDbtInd>DBIT</CdtDbtInd>
            <RltdPties>
              <Dbtr>
                <PstlAdr>
                  <AdrLine>element36 AG 
Bahnmatt 25 
6340 Baar</AdrLine>
                </PstlAdr>
              </Dbtr>
              <DbtrAcct>
                <Id>
                  <IBAN>CH4308307000289537312</IBAN>
                </Id>
              </DbtrAcct>
              <Cdtr>
                <Nm>Ausgleichskasse Zug</Nm>
                <PstlAdr>
                  <PstCd>6300</PstCd>
                  <TwnNm>Zug</TwnNm>
                </PstlAdr>
              </Cdtr>
            </RltdPties>
            <AddtlTxInf>Ausgleichskasse Zug 
6300 Zug</AddtlTxInf>
          </TxDtls>
        </NtryDtls>
      </Ntry>
    </Stmt>
  </BkToCstmrStmt>
</Document>