﻿<?xml version="1.0" encoding="utf-8"?>
<Document xmlns:xsi="http://www.w3.org/2001/XMLSchema-instance" xsi:schemaLocation="urn:iso:std:iso:20022:tech:xsd:camt.053.001.04 camt.053.001.04.xsd" xmlns="urn:iso:std:iso:20022:tech:xsd:camt.053.001.04">
  <BkToCstmrStmt>
    <GrpHdr>
      <MsgId>8a52f1149afe40d6bbd35864bca73d70</MsgId>
      <CreDtTm>2019-03-13T19:00:32.7666449+01:00</CreDtTm>
      <MsgPgntn>
        <PgNb>1</PgNb>
        <LastPgInd>true</LastPgInd>
      </MsgPgntn>
    </GrpHdr>
    <Stmt>
      <Id>8f476dcd859849f4814320ecbb1b6ba8</Id>
      <ElctrncSeqNb>4</ElctrncSeqNb>
      <CreDtTm>2019-03-13T19:00:31.58</CreDtTm>
      <FrToDt>
        <FrDtTm>2019-03-13T00:00:00</FrDtTm>
        <ToDtTm>2019-03-13T00:00:00</ToDtTm>
      </FrToDt>
      <Acct>
        <Id>
          <IBAN>CH4308307000289537312</IBAN>
        </Id>
      </Acct>
      <Bal>
        <Tp>
          <CdOrPrtry>
            <Cd>OPBD</Cd>
          </CdOrPrtry>
        </Tp>
        <Amt Ccy="CHF">67247.6</Amt>
        <CdtDbtInd>CRDT</CdtDbtInd>
        <Dt>
          <Dt>2019-03-13</Dt>
        </Dt>
      </Bal>
      <Bal>
        <Tp>
          <CdOrPrtry>
            <Cd>CLBD</Cd>
          </CdOrPrtry>
        </Tp>
        <Amt Ccy="CHF">84637</Amt>
        <CdtDbtInd>CRDT</CdtDbtInd>
        <Dt>
          <Dt>2019-03-13</Dt>
        </Dt>
      </Bal>
      <Ntry>
        <Amt Ccy="CHF">17389.4</Amt>
        <CdtDbtInd>CRDT</CdtDbtInd>
        <Sts>BOOK</Sts>
        <BookgDt>
          <Dt>2019-03-13</Dt>
        </BookgDt>
        <ValDt>
          <Dt>2019-03-13</Dt>
        </ValDt>
        <BkTxCd>
          <Domn>
            <Cd>PMNT</Cd>
            <Fmly>
              <Cd>RCDT</Cd>
              <SubFmlyCd>AUTT</SubFmlyCd>
            </Fmly>
          </Domn>
        </BkTxCd>
        <NtryDtls>
          <TxDtls>
            <Refs>
              <EndToEndId>1510815426</EndToEndId>
            </Refs>
            <Amt Ccy="CHF">17389.4</Amt>
            <CdtDbtInd>CRDT</CdtDbtInd>
            <RltdPties>
              <Dbtr>
                <PstlAdr>
                  <AdrLine>Ksb SE + co. Kgaa 
de 
Johann-Klein-Str. 9 
67227 Frankenthal</AdrLine>
                </PstlAdr>
              </Dbtr>
              <DbtrAcct>
                <Id>
                  <IBAN>DE30545201940003607739</IBAN>
                </Id>
              </DbtrAcct>
              <Cdtr>
                <Nm>Element36 AG</Nm>
                <PstlAdr>
                  <Ctry>CH</Ctry>
                </PstlAdr>
              </Cdtr>
              <CdtrAcct>
                <Id>
                  <IBAN>CH4308307000289537312</IBAN>
                </Id>
              </CdtrAcct>
            </RltdPties>
            <RmtInf>
              <Ustrd>Nr.201901-01 vom 8.2.2019</Ustrd>
            </RmtInf>
            <AddtlTxInf>Ksb SE + co. Kgaa 
de 
Johann-Klein-Str. 9 
67227 Frankenthal</AddtlTxInf>
          </TxDtls>
        </NtryDtls>
      </Ntry>
    </Stmt>
  </BkToCstmrStmt>
</Document>