﻿<?xml version="1.0" encoding="utf-8"?>
<Document xmlns:xsi="http://www.w3.org/2001/XMLSchema-instance" xsi:schemaLocation="urn:iso:std:iso:20022:tech:xsd:camt.053.001.04 camt.053.001.04.xsd" xmlns="urn:iso:std:iso:20022:tech:xsd:camt.053.001.04">
  <BkToCstmrStmt>
    <GrpHdr>
      <MsgId>8bdaf9e5b6d842f692c3c9e90eb86f5d</MsgId>
      <CreDtTm>2021-03-14T19:00:42.2124769+01:00</CreDtTm>
      <MsgPgntn>
        <PgNb>1</PgNb>
        <LastPgInd>true</LastPgInd>
      </MsgPgntn>
    </GrpHdr>
    <Stmt>
      <Id>d57ff4ed5a0148abb14d3136dc9d98e7</Id>
      <ElctrncSeqNb>1</ElctrncSeqNb>
      <CreDtTm>2021-03-14T19:00:40.963</CreDtTm>
      <FrToDt>
        <FrDtTm>2021-03-14T00:00:00</FrDtTm>
        <ToDtTm>2021-03-14T00:00:00</ToDtTm>
      </FrToDt>
      <Acct>
        <Id>
          <IBAN>CH2108307000289537320</IBAN>
        </Id>
      </Acct>
      <Bal>
        <Tp>
          <CdOrPrtry>
            <Cd>OPBD</Cd>
          </CdOrPrtry>
        </Tp>
        <Amt Ccy="CHF">0</Amt>
        <CdtDbtInd>CRDT</CdtDbtInd>
        <Dt>
          <Dt>2021-03-14</Dt>
        </Dt>
      </Bal>
      <Bal>
        <Tp>
          <CdOrPrtry>
            <Cd>CLBD</Cd>
          </CdOrPrtry>
        </Tp>
        <Amt Ccy="CHF">110</Amt>
        <CdtDbtInd>CRDT</CdtDbtInd>
        <Dt>
          <Dt>2021-03-14</Dt>
        </Dt>
      </Bal>
      <Ntry>
        <Amt Ccy="CHF">110</Amt>
        <CdtDbtInd>CRDT</CdtDbtInd>
        <Sts>BOOK</Sts>
        <BookgDt>
          <Dt>2021-03-14</Dt>
        </BookgDt>
        <ValDt>
          <Dt>2021-03-14</Dt>
        </ValDt>
        <BkTxCd>
          <Domn>
            <Cd>PMNT</Cd>
            <Fmly>
              <Cd>RCDT</Cd>
              <SubFmlyCd>AUTT</SubFmlyCd>
            </Fmly>
          </Domn>
        </BkTxCd>
        <NtryDtls>
          <TxDtls>
            <Amt Ccy="CHF">100</Amt>
            <CdtDbtInd>CRDT</CdtDbtInd>
            <RltdPties>
              <Dbtr>
                <PstlAdr>
                  <AdrLine>element36 AG 
Bahnmatt 25 
6340 Baar</AdrLine>
                </PstlAdr>
              </Dbtr>
              <DbtrAcct>
                <Id>
                  <IBAN>CH4308307000289537312</IBAN>
                </Id>
              </DbtrAcct>
              <Cdtr>
                <Nm>element36 AG</Nm>
                <PstlAdr>
                  <StrtNm>Bahnmatt</StrtNm>
                  <BldgNb>25</BldgNb>
                  <PstCd>6340</PstCd>
                  <TwnNm>Baar</TwnNm>
                </PstlAdr>
              </Cdtr>
              <CdtrAcct>
                <Id>
                  <IBAN>CH2108307000289537320</IBAN>
                </Id>
              </CdtrAcct>
            </RltdPties>
            <RmtInf>
              <Ustrd>Testanweisung</Ustrd>
            </RmtInf>
            <AddtlTxInf>element36 AG 
Bahnmatt 25 
6340 Baar</AddtlTxInf>
          </TxDtls>
          <TxDtls>
            <Refs>
              <EndToEndId>NOTPROVIDED</EndToEndId>
            </Refs>
            <Amt Ccy="CHF">10</Amt>
            <CdtDbtInd>CRDT</CdtDbtInd>
            <RltdPties>
              <Dbtr>
                <PstlAdr>
                  <AdrLine>Walter Strametz 
Bahnmatt 25 
CH-6340 Baar</AdrLine>
                </PstlAdr>
              </Dbtr>
              <DbtrAcct>
                <Id>
                  <IBAN>CH1608440924853300010</IBAN>
                </Id>
              </DbtrAcct>
              <Cdtr>
                <Nm>ELEMENT36</Nm>
                <PstlAdr />
              </Cdtr>
              <CdtrAcct>
                <Id>
                  <IBAN>CH2108307000289537320</IBAN>
                </Id>
              </CdtrAcct>
            </RltdPties>
            <RmtInf>
              <Ustrd>Test - Zeile1 Test Zeile2 Test Zeile 3 Test Zeile4</Ustrd>
            </RmtInf>
            <AddtlTxInf>Walter Strametz 
Bahnmatt 25 
CH-6340 Baar</AddtlTxInf>
          </TxDtls>
        </NtryDtls>
      </Ntry>
    </Stmt>
  </BkToCstmrStmt>
</Document>