﻿<?xml version="1.0" encoding="utf-8"?>
<Document xmlns:xsi="http://www.w3.org/2001/XMLSchema-instance" xsi:schemaLocation="urn:iso:std:iso:20022:tech:xsd:camt.053.001.04 camt.053.001.04.xsd" xmlns="urn:iso:std:iso:20022:tech:xsd:camt.053.001.04">
  <BkToCstmrStmt>
    <GrpHdr>
      <MsgId>f5f2586f84434828985402c492c8daac</MsgId>
      <CreDtTm>2019-02-28T18:34:26.1870348+01:00</CreDtTm>
      <MsgPgntn>
        <PgNb>1</PgNb>
        <LastPgInd>true</LastPgInd>
      </MsgPgntn>
    </GrpHdr>
    <Stmt>
      <Id>04c8ff2ab6f044a5b0f1f997836a38e8</Id>
      <ElctrncSeqNb>1</ElctrncSeqNb>
      <CreDtTm>2019-02-28T18:34:25.343</CreDtTm>
      <FrToDt>
        <FrDtTm>2019-02-28T00:00:00</FrDtTm>
        <ToDtTm>2019-02-28T00:00:00</ToDtTm>
      </FrToDt>
      <Acct>
        <Id>
          <IBAN>CH4308307000289537312</IBAN>
        </Id>
      </Acct>
      <Bal>
        <Tp>
          <CdOrPrtry>
            <Cd>OPBD</Cd>
          </CdOrPrtry>
        </Tp>
        <Amt Ccy="CHF">80842.45</Amt>
        <CdtDbtInd>CRDT</CdtDbtInd>
        <Dt>
          <Dt>2019-02-28</Dt>
        </Dt>
      </Bal>
      <Bal>
        <Tp>
          <CdOrPrtry>
            <Cd>CLBD</Cd>
          </CdOrPrtry>
        </Tp>
        <Amt Ccy="CHF">80097.2</Amt>
        <CdtDbtInd>CRDT</CdtDbtInd>
        <Dt>
          <Dt>2019-02-28</Dt>
        </Dt>
      </Bal>
      <Ntry>
        <Amt Ccy="CHF">745.25</Amt>
        <CdtDbtInd>DBIT</CdtDbtInd>
        <Sts>BOOK</Sts>
        <BookgDt>
          <Dt>2019-02-28</Dt>
        </BookgDt>
        <ValDt>
          <Dt>2019-02-28</Dt>
        </ValDt>
        <BkTxCd>
          <Domn>
            <Cd>PMNT</Cd>
            <Fmly>
              <Cd>ICDT</Cd>
              <SubFmlyCd>AUTT</SubFmlyCd>
            </Fmly>
          </Domn>
        </BkTxCd>
        <NtryDtls>
          <TxDtls>
            <Amt Ccy="CHF">745.25</Amt>
            <CdtDbtInd>DBIT</CdtDbtInd>
            <RltdPties>
              <Dbtr>
                <PstlAdr>
                  <AdrLine>element36 AG
Walter Strametz
6340 Baar</AdrLine>
                </PstlAdr>
              </Dbtr>
              <DbtrAcct>
                <Id>
                  <IBAN>CH4308307000289537312</IBAN>
                </Id>
              </DbtrAcct>
              <Cdtr>
                <PstlAdr>
                  <AdrLine>VISECA CARD SERVICES SA 
Hagenholzstrasse 56 
Postfach 7007 
8050 Zuer</AdrLine>
                  <AdrLine>ich</AdrLine>
                </PstlAdr>
              </Cdtr>
            </RltdPties>
            <AddtlTxInf>VISECA CARD SERVICES SA 
Hagenholzstrasse 56 
Postfach 7007 
8050 Zuerich</AddtlTxInf>
          </TxDtls>
        </NtryDtls>
      </Ntry>
    </Stmt>
  </BkToCstmrStmt>
</Document>